Freq,Posting_ptr,Terms_ptr
6,"[44, 29, 47, 59, 59, 2]",0
2,"[46, 48]",4
3,"[30, 30, 65]",9
16,"[28, 4, 36, 56, 10, 11, 70, 63, 69, 68, 14, 6, 57, 54, 35, 35]",14
20,"[18, 73, 44, 83, 37, 58, 45, 57, 41, 30, 85, 47, 38, 77, 33, 82, 65, 35, 15, 27]",17
1,[78],23
2,"[58, 58]",31
2,"[17, 9]",35
1,[34],44
1,[81],53
2,"[1, 48]",57
1,[7],62
2,"[18, 32]",71
4,"[49, 64, 40, 49]",75
24,"[19, 67, 60, 19, 21, 21, 58, 24, 13, 5, 30, 50, 37, 23, 3, 13, 13, 30, 13, 31, 17, 17, 16, 38]",80
2,"[67, 17]",83
3,"[4, 68, 71]",89
1,[13],92
8,"[17, 35, 23, 34, 14, 21, 40, 70]",96
1,[59],100
5,"[34, 60, 33, 59, 9]",104
1,[48],109
1,[48],117
1,[27],123
2,"[61, 13]",132
1,[50],137
1,[57],146
4,"[42, 61, 59, 28]",150
1,[9],159
10,"[64, 31, 42, 30, 16, 33, 0, 67, 30, 30]",162
5,"[16, 34, 30, 47, 66]",166
1,[14],171
1,[81],175
1,[44],179
1,[30],184
1,[27],194
16,"[30, 76, 26, 12, 26, 26, 26, 22, 12, 12, 74, 20, 20, 73, 20, 73]",198
2,"[75, 52]",206
16,"[23, 23, 56, 24, 54, 54, 61, 27, 18, 36, 5, 9, 27, 17, 61, 36]",208
2,"[18, 34]",212
21,"[29, 56, 56, 63, 59, 52, 16, 31, 59, 29, 61, 59, 21, 59, 16, 46, 63, 59, 21, 63, 45]",215
5,"[68, 32, 27, 16, 5]",219
1,[44],224
2,"[15, 53]",230
1,[16],235
1,[58],243
1,[55],251
1,[29],255
8,"[60, 59, 68, 54, 18, 43, 16, 45]",260
1,[15],266
3,"[35, 33, 62]",275
2,"[3, 4]",280
1,[72],283
3,"[62, 20, 20]",289
2,"[45, 48]",292
1,[71],296
1,[48],303
9,"[36, 29, 24, 31, 47, 59, 67, 22, 30]",308
3,"[37, 16, 81]",312
1,[23],316
4,"[17, 17, 17, 17]",321
1,[44],325
1,[46],335
3,"[55, 62, 62]",344
1,[35],351
11,"[35, 47, 44, 44, 44, 26, 48, 49, 44, 50, 59]",364
2,"[62, 59]",374
1,[59],377
1,[29],384
1,[15],391
1,[47],398
1,[77],402
1,[48],406
3,"[47, 7, 15]",413
1,[49],417
1,[27],423
1,[56],428
1,[12],432
1,[59],440
1,[11],448
1,[51],453
5,"[2, 44, 49, 47, 48]",455
5,"[44, 21, 20, 74, 6]",459
1,[81],463
19,"[62, 28, 48, 58, 57, 54, 25, 10, 64, 74, 58, 21, 58, 69, 43, 42, 37, 3, 84]",470
1,[75],474
2,"[16, 16]",477
4,"[28, 24, 34, 10]",484
1,[50],487
3,"[59, 53, 1]",501
2,"[52, 44]",505
3,"[63, 78, 84]",512
2,"[14, 5]",516
1,[5],519
1,[14],523
1,[77],529
4,"[75, 80, 80, 80]",536
1,[59],541
1,[10],545
1,[34],548
1,[19],553
2,"[40, 10]",561
12,"[27, 22, 59, 58, 36, 36, 27, 66, 31, 56, 28, 72]",570
7,"[2, 2, 22, 21, 57, 48, 49]",574
4,"[80, 16, 81, 83]",580
3,"[62, 29, 19]",585
1,[12],591
3,"[47, 52, 21]",597
2,"[7, 72]",601
1,[53],606
3,"[63, 77, 77]",611
1,[81],616
1,[83],620
1,[37],626
2,"[35, 35]",634
1,[40],642
1,[81],646
3,"[21, 68, 16]",651
1,[10],656
4,"[18, 18, 18, 18]",659
4,"[79, 79, 79, 79]",666
9,"[70, 15, 76, 7, 34, 28, 69, 28, 76]",673
1,[9],682
1,[26],688
16,"[20, 52, 52, 49, 27, 44, 68, 44, 29, 62, 50, 26, 33, 47, 62, 50]",694
2,"[67, 67]",702
1,[59],708
1,[10],712
4,"[57, 48, 57, 57]",720
13,"[22, 11, 83, 36, 59, 28, 69, 62, 11, 34, 28, 4, 47]",727
1,[30],733
5,"[72, 14, 2, 25, 72]",738
1,[15],747
2,"[35, 26]",758
3,"[17, 77, 3]",764
2,"[9, 5]",769
1,[41],775
1,[44],781
5,"[70, 13, 45, 14, 39]",789
1,[6],793
1,[6],798
4,"[44, 55, 47, 54]",805
2,"[10, 10]",809
4,"[44, 62, 24, 57]",814
1,[82],819
5,"[77, 32, 18, 18, 9]",825
2,"[77, 77]",830
1,[16],834
12,"[23, 45, 18, 47, 59, 54, 61, 56, 76, 9, 57, 16]",842
1,[60],850
1,[21],855
2,"[2, 50]",859
8,"[57, 20, 59, 62, 55, 52, 41, 62]",865
1,[76],872
1,[1],876
1,[78],882
2,"[19, 19]",889
1,[67],895
4,"[38, 38, 51, 51]",902
1,[67],907
1,[54],916
1,[32],924
1,[16],929
2,"[44, 26]",936
1,[81],942
11,"[34, 61, 38, 39, 27, 40, 5, 65, 14, 53, 15]",951
7,"[79, 63, 60, 15, 16, 75, 52]",957
1,[42],964
2,"[86, 85]",970
1,[62],978
4,"[64, 62, 29, 62]",991
1,[80],998
4,"[37, 64, 29, 74]",1003
10,"[80, 73, 36, 56, 28, 80, 1, 24, 27, 26]",1010
1,[33],1018
1,[1],1026
1,[17],1034
5,"[21, 47, 23, 74, 44]",1040
4,"[57, 81, 49, 44]",1047
1,[55],1056
1,[56],1064
1,[16],1070
1,[1],1078
1,[2],1087
1,[37],1098
2,"[51, 50]",1108
1,[1],1115
2,"[8, 22]",1125
1,[5],1131
5,"[14, 45, 56, 56, 3]",1139
2,"[47, 40]",1146
2,"[44, 59]",1155
1,[66],1162
1,[39],1174
2,"[85, 75]",1183
1,[59],1189
3,"[30, 60, 25]",1197
1,[29],1205
1,[26],1214
1,[51],1222
2,"[43, 61]",1231
1,[27],1242
3,"[56, 29, 0]",1250
1,[40],1258
1,[34],1269
4,"[30, 40, 77, 43]",1278
2,"[25, 66]",1288
2,"[48, 47]",1295
1,[21],1303
3,"[19, 55, 28]",1310
4,"[13, 9, 18, 42]",1319
2,"[13, 53]",1326
2,"[36, 26]",1334
1,[32],1341
1,[28],1350
1,[66],1361
1,[18],1368
7,"[61, 33, 10, 1, 3, 60, 7]",1376
1,[14],1383
1,[10],1392
1,[59],1401
1,[5],1411
1,[17],1420
1,[81],1429
1,[84],1437
1,[66],1445
1,[52],1453
1,[59],1460
5,"[55, 30, 65, 62, 17]",1469
1,[59],1475
2,"[76, 81]",1482
1,[59],1490
1,[57],1499
1,[8],1507
5,"[81, 59, 9, 48, 67]",1516
1,[6],1521
1,[14],1529
3,"[25, 66, 7]",1533
1,[16],1538
1,[55],1546
4,"[25, 25, 84, 43]",1551
2,"[58, 82]",1556
1,[36],1564
1,[32],1569
1,[21],1574
4,"[69, 5, 72, 7]",1582
1,[24],1587
1,[41],1595
1,[1],1598
1,[30],1605
26,"[67, 4, 13, 27, 27, 5, 5, 6, 6, 6, 54, 29, 46, 0, 13, 42, 7, 56, 9, 85, 10, 10, 85, 11, 13, 28]",1609
1,[17],1613
1,[55],1620
2,"[59, 44]",1629
1,[48],1636
1,[72],1641
3,"[37, 37, 37]",1646
1,[28],1654
1,[57],1658
1,[54],1664
2,"[2, 2]",1668
1,[34],1677
2,"[77, 77]",1683
6,"[32, 32, 24, 46, 32, 43]",1685
1,[43],1689
1,[4],1695
1,[27],1699
1,[38],1705
8,"[59, 16, 26, 47, 65, 30, 59, 46]",1712
9,"[17, 77, 77, 51, 17, 17, 36, 68, 77]",1718
1,[43],1722
3,"[25, 25, 27]",1727
2,"[55, 30]",1732
2,"[72, 86]",1737
1,[16],1742
2,"[22, 12]",1749
1,[38],1754
5,"[15, 15, 15, 15, 15]",1762
1,[76],1767
1,[48],1774
1,[1],1780
1,[56],1786
2,"[46, 46]",1792
1,[28],1795
1,[69],1804
1,[28],1808
2,"[59, 59]",1811
1,[74],1816
1,[69],1822
3,"[82, 49, 83]",1829
14,"[29, 2, 29, 2, 2, 11, 29, 15, 29, 2, 2, 2, 29, 29]",1837
1,[21],1842
4,"[78, 78, 78, 78]",1851
2,"[16, 42]",1854
1,[59],1860
1,[79],1863
5,"[9, 4, 4, 71, 13]",1867
2,"[6, 6]",1871
1,[10],1876
3,"[15, 15, 15]",1882
4,"[74, 34, 74, 47]",1889
2,"[38, 80]",1898
1,[81],1909
1,[24],1916
1,[83],1922
3,"[47, 47, 47]",1928
1,[36],1933
2,"[36, 36]",1942
4,"[47, 47, 47, 47]",1948
2,"[25, 25]",1952
1,[44],1957
2,"[74, 77]",1961
1,[66],1965
4,"[17, 17, 23, 23]",1974
3,"[7, 6, 5]",1976
9,"[54, 31, 28, 27, 27, 31, 24, 71, 61]",1982
1,[69],1987
1,[18],1994
6,"[36, 36, 36, 36, 81, 36]",2000
1,[80],2007
1,[48],2013
1,[54],2024
2,"[28, 18]",2027
1,[36],2037
2,"[70, 70]",2043
1,[18],2049
10,"[29, 29, 21, 8, 25, 28, 17, 53, 17, 55]",2054
3,"[7, 71, 11]",2059
1,[19],2063
12,"[21, 21, 37, 21, 19, 19, 13, 37, 16, 13, 37, 13]",2068
1,[0],2073
11,"[83, 76, 76, 83, 83, 37, 58, 47, 47, 1, 58]",2077
1,[75],2083
2,"[76, 28]",2089
11,"[19, 80, 49, 62, 49, 38, 62, 57, 26, 57, 41]",2095
1,[70],2100
174,"[84, 71, 33, 17, 71, 59, 61, 42, 83, 18, 17, 73, 31, 2, 18, 18, 43, 59, 83, 43, 32, 43, 72, 32, 31, 60, 86, 59, 44, 10, 17, 72, 20, 59, 44, 28, 47, 81, 47, 47, 52, 81, 47, 28, 28, 54, 54, 24, 24, 77, 54, 54, 28, 25, 54, 47, 78, 49, 80, 5, 27, 80, 5, 27, 50, 26, 48, 80, 27, 27, 50, 27, 51, 4, 78, 27, 24, 47, 77, 57, 21, 75, 58, 21, 58, 46, 58, 22, 45, 45, 59, 30, 74, 20, 30, 10, 59, 74, 76, 57, 76, 55, 47, 24, 77, 24, 47, 29, 76, 23, 56, 76, 56, 23, 23, 29, 62, 46, 82, 57, 59, 17, 27, 41, 40, 35, 0, 13, 41, 36, 16, 34, 36, 38, 15, 62, 65, 37, 39, 35, 62, 63, 65, 65, 64, 16, 16, 63, 35, 85, 62, 16, 68, 65, 36, 85, 14, 34, 41, 69, 36, 84, 65, 35, 86, 34, 38, 16, 12, 68, 35, 33, 14, 67]",2108
1,[67],2111
1,[5],2116
46,"[20, 38, 32, 29, 43, 16, 36, 39, 53, 36, 59, 63, 59, 44, 84, 18, 63, 63, 52, 56, 35, 53, 4, 43, 26, 43, 59, 36, 76, 33, 80, 84, 45, 37, 75, 79, 61, 16, 33, 58, 82, 60, 22, 63, 67, 82]",2122
1,[47],2127
69,"[28, 59, 11, 33, 52, 82, 73, 36, 70, 76, 44, 60, 59, 19, 8, 47, 68, 66, 58, 44, 26, 58, 27, 30, 29, 17, 80, 24, 7, 74, 15, 20, 41, 6, 46, 57, 29, 64, 53, 21, 47, 74, 32, 29, 27, 72, 25, 86, 38, 23, 45, 56, 34, 37, 66, 84, 46, 12, 50, 50, 17, 48, 61, 30, 74, 1, 37, 9, 83]",2134
6,"[5, 77, 15, 4, 68, 16]",2138
1,[34],2144
3,"[64, 62, 5]",2151
2,"[59, 44]",2155
1,[62],2157
2,"[7, 6]",2161
2,"[20, 47]",2164
1,[59],2169
2,"[64, 1]",2178
2,"[21, 29]",2183
88,"[43, 47, 84, 58, 66, 13, 35, 13, 48, 27, 23, 46, 77, 32, 60, 20, 45, 30, 84, 60, 23, 50, 53, 54, 44, 15, 76, 37, 69, 33, 17, 62, 67, 67, 55, 82, 34, 24, 64, 33, 13, 17, 49, 21, 47, 84, 77, 58, 21, 49, 59, 0, 79, 50, 28, 44, 44, 44, 81, 76, 31, 31, 78, 13, 66, 47, 68, 86, 44, 51, 23, 2, 86, 26, 28, 84, 73, 10, 66, 78, 22, 82, 26, 32, 36, 67, 59, 14]",2191
1,[70],2197
1,[16],2203
4,"[49, 82, 73, 54]",2208
27,"[30, 1, 33, 31, 16, 19, 42, 16, 2, 13, 3, 43, 37, 25, 1, 15, 43, 16, 14, 43, 16, 43, 42, 20, 17, 21, 34]",2213
1,[44],2217
3,"[17, 33, 60]",2223
1,[39],2232
3,"[17, 23, 5]",2236
2,"[39, 50]",2242
1,[82],2246
175,"[76, 1, 56, 56, 7, 8, 65, 55, 35, 22, 8, 76, 56, 47, 82, 56, 76, 3, 1, 55, 26, 52, 66, 0, 28, 66, 6, 68, 27, 67, 51, 27, 67, 6, 50, 80, 14, 5, 27, 49, 49, 27, 14, 14, 79, 79, 49, 67, 49, 80, 50, 49, 66, 26, 47, 24, 29, 55, 15, 55, 37, 66, 54, 85, 3, 0, 54, 54, 15, 25, 66, 54, 68, 14, 25, 3, 25, 53, 36, 47, 25, 78, 66, 53, 6, 15, 81, 3, 22, 2, 39, 17, 11, 63, 20, 17, 83, 75, 74, 71, 16, 63, 61, 1, 34, 3, 31, 64, 2, 43, 38, 45, 46, 59, 59, 3, 82, 70, 34, 82, 82, 30, 12, 13, 58, 34, 10, 32, 21, 40, 61, 64, 30, 57, 33, 22, 64, 20, 10, 41, 63, 70, 31, 11, 10, 60, 19, 57, 40, 59, 57, 59, 73, 84, 73, 62, 18, 36, 58, 42, 30, 13, 46, 10, 22, 57, 82, 44, 59, 9, 57, 21, 82, 44, 29]",2252
1,[44],2254
2,"[30, 56]",2264
1,[31],2272
1,[58],2278
1,[46],2285
2,"[27, 24]",2292
1,[28],2300
1,[76],2310
11,"[47, 52, 50, 62, 44, 2, 57, 39, 22, 20, 48]",2319
1,[50],2327
2,"[35, 84]",2333
1,[82],2339
1,[84],2345
1,[74],2354
1,[37],2363
1,[47],2371
1,[28],2376
1,[35],2382
1,[67],2392
1,[64],2400
1,[15],2409
2,"[15, 67]",2420
3,"[44, 48, 51]",2428
4,"[84, 86, 76, 84]",2437
1,[63],2445
6,"[65, 29, 62, 62, 58, 62]",2452
1,[83],2461
1,[47],2468
1,[25],2474
3,"[77, 84, 86]",2484
1,[56],2489
1,[9],2498
1,[82],2507
1,[66],2513
1,[16],2521
1,[17],2529
1,[37],2540
1,[36],2549
9,"[76, 1, 47, 28, 43, 57, 46, 75, 48]",2558
2,"[59, 34]",2565
1,[59],2575
2,"[55, 30]",2582
3,"[55, 55, 17]",2594
1,[13],2603
8,"[27, 33, 34, 60, 23, 58, 26, 17]",2610
1,[44],2620
1,[47],2627
1,[41],2637
1,[70],2647
2,"[36, 54]",2654
1,[30],2660
1,[79],2672
1,[66],2679
3,"[37, 19, 81]",2687
1,[29],2696
1,[34],2703
1,[76],2709
1,[81],2718
1,[51],2724
1,[47],2734
2,"[14, 14]",2745
1,[26],2758
3,"[85, 80, 79]",2770
1,[32],2779
2,"[77, 75]",2786
2,"[58, 77]",2796
1,[1],2806
1,[86],2812
1,[15],2819
2,"[55, 49]",2828
2,"[55, 62]",2837
1,[8],2847
4,"[73, 84, 84, 82]",2851
1,[30],2860
1,[36],2869
2,"[19, 49]",2875
2,"[22, 23]",2882
1,[59],2892
1,[67],2907
1,[2],2913
1,[25],2923
1,[74],2929
1,[21],2939
1,[34],2947
1,[82],2957
1,[38],2965
1,[43],2971
2,"[27, 27]",2981
1,[83],2989
4,"[29, 2, 82, 37]",2996
1,[36],3005
1,[2],3012
5,"[78, 9, 63, 56, 80]",3020
1,[22],3023
1,[65],3026
1,[16],3031
3,"[37, 13, 63]",3039
1,[22],3042
1,[41],3047
2,"[2, 2]",3051
3,"[3, 16, 84]",3056
3,"[51, 15, 38]",3060
1,[79],3065
1,[80],3069
4,"[16, 9, 9, 17]",3075
1,[3],3080
1,[16],3083
2,"[16, 3]",3090
2,"[18, 34]",3093
6,"[54, 54, 7, 36, 26, 18]",3102
1,[15],3109
1,[69],3115
1,[64],3123
1,[25],3127
1,[27],3134
3,"[50, 50, 59]",3140
1,[4],3146
1,[23],3151
1,[3],3156
8,"[50, 59, 64, 23, 50, 17, 59, 49]",3162
2,"[70, 76]",3167
8,"[35, 9, 44, 44, 59, 15, 15, 35]",3171
2,"[62, 62]",3176
1,[18],3180
1,[9],3185
1,[28],3189
1,[36],3195
1,[45],3199
11,"[28, 27, 27, 58, 39, 27, 60, 54, 18, 24, 60]",3204
1,[54],3213
1,[23],3218
1,[54],3225
3,"[34, 27, 28]",3230
8,"[46, 0, 1, 2, 69, 4, 3, 6]",3236
15,"[37, 25, 71, 73, 25, 22, 71, 21, 76, 67, 32, 7, 36, 23, 51]",3242
2,"[25, 27]",3246
2,"[23, 23]",3255
3,"[34, 27, 28]",3263
1,[59],3266
1,[24],3270
2,"[20, 52]",3273
1,[7],3279
4,"[49, 54, 6, 84]",3281
2,"[33, 35]",3286
1,[59],3292
1,[16],3299
1,[39],3307
1,[16],3311
2,"[81, 81]",3319
1,[7],3325
1,[28],3331
1,[24],3340
1,[32],3349
4,"[44, 47, 44, 49]",3354
1,[49],3358
1,[60],3367
1,[27],3373
4,"[29, 15, 4, 2]",3379
5,"[11, 11, 29, 29, 11]",3385
17,"[47, 62, 59, 59, 52, 62, 52, 62, 59, 59, 59, 82, 59, 24, 59, 62, 62]",3396
1,[59],3402
1,[19],3411
1,[70],3419
1,[70],3426
1,[43],3434
1,[51],3440
1,[16],3448
6,"[44, 44, 44, 44, 44, 59]",3453
2,"[10, 10]",3459
1,[48],3466
1,[70],3468
5,"[83, 83, 63, 83, 83]",3473
1,[75],3479
1,[40],3485
1,[39],3489
2,"[10, 11]",3492
2,"[12, 12]",3500
5,"[78, 78, 78, 59, 78]",3504
2,"[27, 64]",3506
1,[31],3509
4,"[66, 66, 66, 66]",3514
2,"[66, 66]",3518
4,"[66, 66, 66, 66]",3524
6,"[73, 82, 83, 69, 69, 78]",3530
1,[63],3536
1,[44],3541
3,"[58, 45, 45]",3545
1,[46],3550
11,"[64, 64, 8, 8, 12, 12, 22, 22, 22, 64, 47]",3556
1,[20],3559
3,"[25, 20, 27]",3567
7,"[16, 70, 37, 70, 81, 74, 59]",3574
2,"[14, 14]",3578
12,"[1, 24, 29, 3, 31, 66, 31, 68, 35, 31, 17, 23]",3583
1,[67],3589
5,"[76, 86, 77, 74, 74]",3599
2,"[24, 28]",3604
3,"[41, 41, 41]",3606
2,"[16, 53]",3611
1,[66],3616
2,"[44, 55]",3624
2,"[28, 18]",3627
1,[11],3631
1,[41],3640
1,[56],3654
2,"[27, 30]",3661
8,"[46, 13, 9, 13, 53, 84, 17, 2]",3669
6,"[13, 76, 69, 68, 17, 60]",3674
20,"[51, 78, 25, 68, 51, 84, 78, 17, 25, 57, 65, 27, 36, 63, 17, 63, 17, 82, 65, 59]",3679
1,[54],3683
1,[86],3690
2,"[29, 21]",3695
5,"[1, 41, 41, 41, 1]",3700
1,[70],3705
1,[66],3711
1,[67],3717
1,[17],3724
1,[57],3729
2,"[63, 63]",3735
3,"[78, 82, 27]",3739
1,[1],3747
1,[41],3752
1,[33],3760
2,"[21, 7]",3765
1,[36],3770
2,"[11, 11]",3778
1,[33],3782
2,"[57, 59]",3787
10,"[36, 59, 79, 51, 23, 11, 1, 18, 17, 17]",3793
3,"[47, 47, 47]",3799
1,[39],3801
3,"[32, 32, 32]",3806
2,"[18, 28]",3815
1,[35],3820
1,[69],3827
1,[49],3832
4,"[21, 56, 53, 56]",3837
2,"[41, 41]",3842
6,"[81, 61, 59, 54, 16, 73]",3844
1,[47],3849
1,[48],3855
1,[47],3859
2,"[3, 3]",3866
1,[59],3870
1,[41],3872
1,[43],3874
3,"[79, 79, 30]",3878
2,"[15, 13]",3882
1,[50],3886
1,[57],3888
3,"[39, 78, 78]",3892
1,[44],3897
1,[52],3905
8,"[35, 16, 28, 12, 7, 21, 31, 30]",3907
1,[62],3912
7,"[51, 83, 12, 78, 46, 51, 26]",3920
1,[18],3929
2,"[3, 16]",3935
2,"[51, 58]",3944
9,"[69, 33, 1, 6, 24, 0, 4, 2, 3]",3952
6,"[34, 35, 35, 62, 16, 43]",3956
1,[14],3965
7,"[29, 22, 56, 43, 28, 27, 16]",3970
1,[27],3975
76,"[66, 29, 67, 13, 37, 44, 33, 28, 85, 38, 48, 51, 47, 52, 30, 17, 44, 61, 53, 54, 77, 37, 65, 38, 31, 17, 51, 47, 67, 43, 36, 67, 37, 62, 27, 76, 50, 44, 70, 20, 48, 46, 62, 59, 40, 21, 5, 20, 58, 84, 15, 70, 21, 49, 66, 50, 26, 82, 48, 19, 82, 44, 39, 16, 51, 62, 29, 74, 22, 36, 33, 14, 66, 48, 62, 22]",3982
1,[74],3985
4,"[54, 54, 42, 46]",3991
3,"[11, 9, 11]",4000
1,[69],4014
1,[20],4027
1,[66],4036
1,[16],4049
1,[78],4055
2,"[26, 26]",4061
1,[75],4068
3,"[49, 49, 1]",4073
1,[75],4078
4,"[72, 27, 78, 18]",4081
10,"[83, 34, 55, 51, 32, 47, 53, 47, 59, 10]",4089
2,"[6, 10]",4092
1,[62],4095
1,[13],4100
1,[64],4104
1,[46],4111
2,"[51, 51]",4117
1,[85],4121
2,"[16, 63]",4125
17,"[27, 80, 22, 3, 61, 21, 20, 27, 49, 3, 10, 27, 26, 79, 80, 30, 27]",4132
2,"[27, 59]",4137
3,"[46, 25, 36]",4142
5,"[51, 51, 51, 43, 43]",4145
4,"[69, 2, 59, 71]",4149
1,[28],4155
1,[16],4162
2,"[26, 29]",4167
1,[47],4171
1,[53],4178
1,[64],4184
2,"[67, 67]",4188
2,"[10, 19]",4198
6,"[15, 8, 48, 56, 15, 47]",4203
28,"[49, 74, 49, 46, 35, 49, 66, 45, 49, 49, 66, 58, 10, 26, 47, 73, 44, 47, 44, 35, 47, 78, 62, 29, 66, 20, 66, 19]",4207
1,[4],4211
1,[9],4221
1,[68],4229
2,"[51, 51]",4233
1,[59],4237
1,[3],4242
1,[39],4249
5,"[14, 56, 14, 14, 21]",4255
1,[59],4263
2,"[15, 82]",4270
2,"[45, 11]",4275
3,"[16, 67, 17]",4281
3,"[27, 74, 59]",4287
2,"[59, 59]",4291
22,"[59, 77, 84, 84, 57, 84, 65, 85, 57, 82, 41, 18, 77, 35, 38, 57, 84, 75, 57, 46, 77, 32]",4300
1,[66],4302
1,[20],4305
4,"[33, 26, 33, 33]",4310
1,[44],4315
1,[48],4323
39,"[57, 47, 13, 18, 59, 22, 23, 65, 59, 46, 10, 15, 9, 30, 58, 58, 46, 58, 0, 65, 29, 21, 36, 11, 16, 79, 27, 16, 41, 27, 60, 53, 32, 24, 63, 43, 14, 84, 51]",4328
1,[62],4332
1,[41],4336
1,[51],4343
1,[17],4346
2,"[62, 29]",4351
1,[10],4357
1,[10],4361
1,[55],4367
2,"[74, 74]",4371
1,[52],4376
1,[20],4384
5,"[17, 1, 3, 2, 11]",4386
14,"[12, 34, 2, 0, 58, 15, 6, 5, 14, 72, 70, 3, 34, 8]",4389
3,"[14, 14, 14]",4398
4,"[36, 73, 83, 72]",4402
1,[16],4408
2,"[34, 35]",4414
2,"[39, 39]",4418
1,[18],4421
4,"[14, 24, 2, 59]",4426
1,[14],4430
1,[25],4435
4,"[6, 4, 6, 5]",4443
2,"[70, 47]",4448
1,[6],4452
3,"[64, 64, 64]",4458
4,"[13, 13, 13, 13]",4466
1,[5],4474
1,[73],4483
1,[17],4487
3,"[18, 18, 18]",4492
10,"[11, 85, 85, 11, 59, 59, 59, 68, 11, 60]",4500
6,"[13, 71, 7, 0, 11, 71]",4507
1,[11],4511
1,[31],4514
3,"[42, 67, 42]",4519
1,[0],4525
1,[54],4531
1,[62],4538
1,[24],4544
1,[24],4548
9,"[2, 19, 59, 78, 62, 47, 81, 43, 41]",4555
1,[18],4561
1,[62],4566
2,"[64, 37]",4571
2,"[22, 12]",4575
1,[59],4582
14,"[59, 31, 59, 39, 15, 76, 54, 51, 63, 59, 30, 59, 55, 80]",4588
1,[83],4595
1,[0],4599
1,[39],4605
4,"[68, 22, 64, 81]",4613
31,"[15, 30, 40, 43, 14, 59, 39, 15, 47, 16, 4, 72, 59, 3, 38, 47, 5, 3, 59, 5, 61, 71, 6, 6, 68, 36, 13, 6, 78, 6, 77]",4617
1,[31],4619
1,[46],4625
1,[41],4638
1,[17],4648
1,[25],4661
3,"[59, 59, 65]",4670
1,[7],4680
1,[10],4685
14,"[12, 67, 19, 17, 5, 8, 30, 22, 2, 25, 38, 14, 49, 13]",4688
1,[82],4697
3,"[60, 5, 6]",4702
1,[54],4707
3,"[13, 17, 23]",4712
1,[8],4721
1,[3],4730
1,[3],4735
1,[56],4742
1,[41],4750
1,[8],4762
2,"[15, 53]",4772
1,[66],4781
1,[33],4789
1,[54],4793
1,[80],4801
2,"[85, 46]",4807
1,[3],4815
2,"[6, 6]",4821
13,"[24, 24, 60, 60, 54, 5, 9, 3, 10, 36, 61, 33, 9]",4828
2,"[67, 22]",4836
3,"[48, 47, 44]",4845
1,[81],4852
2,"[37, 37]",4859
1,[59],4865
1,[59],4874
1,[13],4884
2,"[75, 75]",4890
5,"[64, 62, 83, 38, 47]",4898
1,[46],4906
1,[57],4912
1,[12],4920
4,"[26, 53, 58, 13]",4926
1,[55],4935
1,[35],4942
1,[5],4948
3,"[72, 72, 72]",4955
1,[47],4960
1,[55],4966
1,[16],4972
1,[27],4978
3,"[68, 68, 68]",4987
1,[69],4993
3,"[64, 64, 64]",4999
2,"[58, 16]",5003
1,[8],5012
1,[50],5021
1,[11],5028
4,"[12, 12, 22, 22]",5033
5,"[63, 20, 20, 20, 62]",5038
1,[86],5044
1,[3],5050
1,[82],5057
1,[3],5064
1,[23],5070
1,[21],5079
5,"[65, 65, 16, 16, 65]",5087
1,[27],5095
1,[1],5104
1,[72],5114
2,"[80, 43]",5123
2,"[51, 3]",5128
1,[39],5134
9,"[14, 34, 66, 21, 49, 13, 6, 21, 34]",5140
2,"[48, 47]",5150
1,[81],5159
19,"[40, 86, 50, 76, 84, 47, 35, 13, 78, 69, 71, 35, 63, 27, 44, 70, 85, 59, 37]",5167
3,"[59, 36, 14]",5171
1,[48],5177
1,[28],5181
1,[20],5190
1,[15],5199
1,[6],5205
2,"[44, 1]",5213
1,[31],5217
1,[64],5224
1,[44],5229
9,"[39, 47, 47, 39, 47, 39, 39, 47, 47]",5235
1,[43],5243
1,[62],5247
7,"[33, 18, 30, 61, 26, 58, 77]",5257
16,"[17, 17, 5, 54, 6, 17, 27, 54, 17, 60, 23, 34, 18, 17, 17, 50]",5259
4,"[51, 26, 46, 52]",5264
3,"[57, 20, 52]",5271
2,"[29, 62]",5279
1,[29],5286
3,"[9, 34, 43]",5294
1,[59],5301
1,[21],5310
1,[2],5317
1,[44],5327
1,[47],5338
2,"[54, 54]",5342
1,[54],5348
1,[2],5358
1,[66],5368
6,"[10, 24, 10, 10, 24, 24]",5374
9,"[18, 71, 31, 18, 18, 71, 71, 16, 18]",5380
1,[82],5384
1,[57],5390
1,[9],5396
46,"[40, 39, 59, 59, 60, 59, 26, 36, 38, 26, 59, 59, 56, 63, 55, 25, 54, 30, 38, 59, 43, 46, 38, 58, 67, 58, 38, 85, 67, 41, 55, 20, 44, 47, 31, 59, 59, 42, 64, 20, 80, 24, 86, 60, 53, 59]",5401
2,"[42, 42]",5405
1,[79],5410
3,"[64, 64, 64]",5416
1,[42],5420
1,[47],5426
1,[46],5432
1,[74],5435
1,[29],5439
1,[83],5443
2,"[29, 24]",5448
3,"[70, 77, 84]",5452
1,[47],5459
8,"[63, 13, 63, 3, 43, 61, 68, 3]",5463
1,[9],5470
1,[69],5479
9,"[27, 42, 35, 24, 34, 49, 18, 47, 54]",5485
4,"[20, 62, 52, 20]",5493
3,"[29, 26, 30]",5497
1,[6],5503
1,[69],5510
1,[50],5513
1,[55],5517
1,[11],5522
5,"[4, 28, 59, 36, 15]",5529
14,"[54, 54, 54, 60, 59, 27, 16, 54, 18, 26, 43, 43, 45, 43]",5533
14,"[10, 65, 4, 81, 59, 31, 34, 3, 28, 65, 79, 2, 59, 43]",5537
1,[47],5544
1,[61],5553
2,"[10, 38]",5560
14,"[59, 59, 59, 66, 59, 59, 55, 59, 38, 25, 55, 66, 80, 59]",5564
1,[41],5568
1,[50],5574
4,"[14, 14, 59, 59]",5579
4,"[7, 38, 15, 5]",5585
3,"[24, 35, 10]",5593
1,[52],5599
9,"[63, 66, 66, 66, 66, 66, 66, 66, 66]",5605
1,[13],5613
2,"[63, 14]",5618
1,[45],5623
1,[78],5628
1,[45],5632
8,"[62, 62, 62, 52, 81, 57, 62, 62]",5636
3,"[19, 19, 19]",5642
1,[28],5646
1,[38],5652
1,[53],5657
12,"[62, 47, 24, 47, 35, 28, 54, 46, 27, 24, 26, 30]",5662
1,[63],5667
1,[34],5672
3,"[60, 60, 60]",5679
1,[84],5683
1,[81],5691
1,[55],5697
3,"[39, 2, 15]",5706
1,[55],5713
3,"[1, 29, 31]",5719
5,"[16, 17, 16, 16, 3]",5725
1,[34],5730
1,[59],5738
2,"[44, 27]",5744
1,[59],5749
2,"[0, 69]",5757
1,[51],5760
2,"[43, 15]",5765
1,[6],5772
1,[15],5781
2,"[35, 23]",5791
1,[6],5796
3,"[50, 57, 57]",5801
4,"[66, 57, 13, 63]",5806
1,[16],5810
1,[65],5816
1,[34],5823
1,[28],5829
1,[78],5833
1,[27],5838
4,"[21, 47, 29, 55]",5843
3,"[11, 9, 38]",5849
2,"[56, 56]",5858
1,[39],5863
1,[47],5869
6,"[78, 78, 78, 78, 78, 83]",5876
2,"[25, 12]",5883
6,"[66, 24, 54, 27, 28, 67]",5887
1,[65],5891
1,[70],5898
2,"[45, 45]",5903
1,[84],5909
1,[79],5915
2,"[2, 69]",5920
1,[37],5924
2,"[73, 78]",5929
1,[84],5934
2,"[45, 45]",5938
4,"[58, 53, 58, 53]",5947
2,"[26, 24]",5956
1,[12],5964
1,[64],5970
2,"[6, 6]",5977
1,[2],5981
3,"[59, 74, 64]",5990
1,[41],5994
1,[1],5999
3,"[72, 68, 42]",6007
10,"[32, 86, 73, 68, 82, 37, 70, 16, 37, 54]",6012
1,[5],6019
1,[14],6024
3,"[63, 59, 63]",6032
2,"[6, 72]",6037
1,[3],6043
1,[59],6052
1,[38],6056
1,[59],6062
1,[54],6069
1,[64],6077
2,"[53, 53]",6085
8,"[81, 74, 81, 74, 74, 86, 72, 82]",6093
3,"[71, 78, 69]",6098
1,[59],6104
2,"[71, 8]",6109
9,"[22, 22, 8, 12, 12, 12, 22, 8, 22]",6113
2,"[61, 61]",6118
1,[34],6124
1,[44],6130
4,"[38, 57, 59, 1]",6136
4,"[27, 78, 5, 35]",6140
1,[62],6147
6,"[28, 55, 34, 59, 14, 70]",6158
2,"[58, 58]",6163
10,"[48, 49, 48, 1, 49, 49, 49, 48, 64, 48]",6169
1,[44],6175
4,"[36, 28, 38, 17]",6180
5,"[62, 2, 47, 47, 78]",6185
3,"[17, 27, 21]",6195
3,"[25, 27, 25]",6199
1,[84],6207
3,"[9, 6, 6]",6214
1,[48],6217
1,[52],6224
1,[72],6230
1,[73],6234
1,[18],6238
2,"[47, 62]",6245
4,"[78, 78, 78, 78]",6250
1,[68],6253
1,[55],6257
2,"[22, 28]",6263
1,[27],6272
1,[67],6279
1,[58],6286
1,[41],6293
1,[59],6300
1,[70],6306
1,[28],6313
1,[27],6320
2,"[21, 27]",6330
1,[71],6338
2,"[36, 52]",6348
1,[47],6355
1,[17],6363
1,[14],6369
1,[42],6377
2,"[9, 17]",6384
1,[54],6390
1,[26],6399
2,"[38, 20]",6407
1,[61],6417
1,[27],6426
2,"[38, 29]",6435
2,"[23, 35]",6447
1,[57],6457
1,[64],6465
1,[47],6474
1,[20],6486
1,[36],6493
1,[82],6500
2,"[42, 8]",6510
10,"[74, 34, 66, 42, 25, 3, 3, 66, 38, 43]",6517
1,[77],6524
1,[75],6531
16,"[39, 16, 50, 67, 29, 18, 21, 49, 24, 28, 80, 74, 46, 24, 62, 17]",6538
1,[64],6546
1,[57],6553
1,[26],6565
1,[20],6579
1,[47],6589
4,"[14, 46, 53, 63]",6599
2,"[38, 38]",6606
2,"[43, 43]",6617
2,"[10, 10]",6624
1,[41],6633
6,"[62, 15, 49, 49, 49, 49]",6640
9,"[2, 36, 3, 31, 4, 59, 30, 40, 69]",6646
10,"[25, 35, 42, 34, 33, 66, 20, 45, 23, 13]",6653
1,[66],6663
1,[64],6671
1,[57],6678
1,[72],6690
4,"[16, 43, 61, 63]",6698
1,[69],6707
1,[41],6714
2,"[25, 54]",6722
3,"[14, 14, 10]",6733
1,[8],6744
1,[47],6755
1,[59],6762
1,[27],6772
1,[44],6784
1,[47],6794
1,[39],6803
1,[59],6815
2,"[55, 67]",6827
2,"[67, 63]",6836
1,[54],6848
2,"[62, 66]",6856
1,[26],6864
1,[39],6873
5,"[14, 10, 68, 14, 55]",6882
5,"[33, 60, 25, 15, 34]",6893
2,"[71, 85]",6905
1,[47],6918
1,[43],6929
2,"[18, 59]",6940
1,[20],6949
4,"[29, 39, 33, 59]",6957
1,[47],6968
8,"[31, 21, 59, 20, 36, 7, 56, 53]",6975
1,[47],6984
3,"[66, 53, 60]",6996
14,"[79, 56, 23, 26, 33, 18, 15, 38, 12, 77, 66, 74, 60, 42]",7001
1,[34],7008
1,[64],7018
2,"[43, 11]",7025
1,[67],7033
1,[30],7044
2,"[63, 58]",7053
2,"[56, 63]",7060
1,[83],7069
1,[83],7075
1,[78],7082
3,"[21, 61, 27]",7086
2,"[46, 44]",7092
1,[27],7103
2,"[62, 48]",7110
3,"[36, 35, 27]",7117
1,[16],7127
1,[40],7138
1,[2],7147
7,"[27, 26, 32, 30, 60, 32, 79]",7158
4,"[42, 27, 28, 23]",7169
1,[78],7181
1,[61],7191
4,"[51, 52, 26, 51]",7198
1,[15],7207
1,[59],7218
3,"[39, 59, 53]",7226
3,"[56, 47, 7]",7235
1,[58],7240
1,[71],7249
1,[27],7256
2,"[13, 38]",7262
2,"[27, 24]",7271
1,[80],7278
2,"[47, 25]",7283
1,[15],7289
1,[44],7296
20,"[59, 59, 63, 78, 76, 62, 22, 26, 66, 60, 29, 52, 54, 64, 17, 49, 34, 32, 29, 20]",7303
1,[42],7312
1,[82],7317
11,"[12, 23, 23, 47, 49, 45, 9, 11, 22, 13, 17]",7325
1,[59],7330
1,[45],7338
4,"[72, 82, 82, 73]",7344
1,[77],7347
1,[51],7352
1,[14],7357
1,[20],7366
3,"[3, 17, 16]",7373
1,[58],7379
3,"[45, 15, 58]",7383
5,"[36, 68, 85, 16, 85]",7391
1,[65],7398
2,"[52, 76]",7406
1,[27],7412
1,[71],7418
1,[37],7424
3,"[57, 26, 57]",7430
1,[34],7437
1,[59],7441
7,"[52, 52, 62, 57, 61, 57, 56]",7444
3,"[9, 82, 61]",7448
5,"[51, 23, 77, 36, 68]",7453
1,[70],7458
1,[1],7463
1,[19],7469
3,"[30, 30, 30]",7475
1,[54],7481
24,"[46, 20, 46, 49, 20, 46, 20, 26, 52, 51, 51, 38, 51, 38, 38, 20, 20, 51, 46, 26, 51, 38, 54, 26]",7486
1,[28],7492
1,[65],7497
1,[69],7502
1,[47],7507
2,"[8, 8]",7513
3,"[50, 50, 50]",7520
2,"[67, 6]",7524
4,"[70, 46, 75, 29]",7528
1,[78],7532
3,"[29, 81, 21]",7539
1,[80],7544
1,[13],7550
4,"[63, 63, 43, 73]",7555
2,"[59, 51]",7559
1,[40],7567
2,"[43, 16]",7572
1,[62],7577
2,"[45, 26]",7589
2,"[12, 50]",7595
3,"[74, 74, 74]",7601
1,[0],7608
1,[0],7615
1,[16],7620
1,[10],7626
1,[59],7632
1,[0],7637
1,[81],7640
1,[71],7646
1,[46],7655
1,[62],7660
1,[55],7663
7,"[80, 46, 77, 75, 32, 38, 66]",7667
1,[65],7669
4,"[27, 40, 66, 33]",7681
2,"[69, 33]",7687
2,"[59, 33]",7690
1,[5],7696
1,[1],7701
1,[32],7710
2,"[26, 30]",7714
1,[58],7719
1,[54],7724
3,"[6, 68, 11]",7732
2,"[38, 31]",7734
3,"[36, 79, 79]",7738
2,"[40, 66]",7744
28,"[24, 77, 77, 63, 9, 80, 55, 47, 80, 63, 9, 58, 51, 48, 59, 55, 84, 47, 67, 84, 29, 47, 47, 44, 79, 24, 43, 79]",7752
3,"[7, 36, 36]",7756
1,[14],7758
1,[18],7762
1,[82],7765
1,[43],7774
1,[69],7780
2,"[78, 78]",7783
12,"[23, 14, 65, 17, 54, 7, 63, 13, 82, 36, 51, 25]",7787
2,"[32, 32]",7792
2,"[79, 79]",7799
1,[59],7803
1,[59],7811
1,[28],7819
1,[18],7822
3,"[23, 24, 27]",7829
3,"[34, 18, 28]",7837
4,"[77, 77, 77, 77]",7844
1,[18],7850
30,"[48, 67, 44, 55, 48, 55, 65, 59, 63, 51, 2, 33, 2, 21, 62, 47, 44, 81, 29, 48, 59, 41, 22, 57, 1, 78, 44, 20, 50, 55]",7857
1,[76],7861
1,[43],7866
2,"[30, 30]",7870
3,"[25, 16, 82]",7877
2,"[47, 50]",7881
1,[26],7887
2,"[24, 27]",7895
3,"[82, 75, 75]",7904
2,"[42, 26]",7907
3,"[20, 34, 43]",7914
1,[31],7919
1,[26],7923
1,[46],7930
3,"[65, 65, 62]",7936
1,[77],7943
1,[70],7953
1,[63],7958
2,"[48, 80]",7967
4,"[80, 84, 79, 57]",7973
1,[42],7983
1,[79],7988
2,"[21, 44]",7996
1,[16],8004
1,[22],8010
5,"[67, 30, 7, 6, 25]",8017
4,"[53, 61, 61, 61]",8025
7,"[27, 41, 30, 66, 23, 26, 65]",8031
1,[34],8035
1,[6],8045
1,[75],8049
1,[33],8053
4,"[48, 24, 16, 3]",8056
2,"[70, 54]",8061
2,"[66, 10]",8066
1,[68],8071
1,[35],8075
6,"[50, 12, 22, 15, 50, 22]",8083
1,[34],8089
2,"[58, 58]",8094
6,"[73, 73, 63, 43, 72, 72]",8102
2,"[59, 39]",8107
3,"[71, 25, 71]",8114
1,[72],8121
1,[35],8126
1,[59],8134
4,"[27, 27, 25, 20]",8144
1,[41],8154
5,"[33, 9, 59, 34, 60]",8161
1,[9],8166
1,[55],8173
1,[55],8178
1,[55],8187
2,"[30, 28]",8196
10,"[35, 23, 31, 21, 34, 25, 66, 33, 31, 0]",8207
4,"[30, 30, 30, 30]",8218
1,[16],8227
1,[65],8238
2,"[67, 55]",8247
1,[75],8258
1,[17],8265
1,[30],8276
1,[43],8286
1,[47],8295
1,[65],8305
1,[59],8315
1,[48],8327
1,[84],8335
1,[18],8341
2,"[72, 14]",8350
1,[28],8359
1,[44],8364
1,[59],8371
1,[51],8381
1,[47],8388
1,[52],8396
1,[14],8406
1,[84],8414
1,[43],8422
1,[18],8431
1,[54],8441
2,"[36, 27]",8452
4,"[33, 4, 60, 34]",8461
3,"[36, 16, 18]",8471
22,"[35, 20, 54, 36, 28, 58, 36, 22, 18, 67, 36, 35, 43, 15, 31, 38, 14, 23, 34, 43, 40, 14]",8481
1,[66],8491
4,"[27, 25, 20, 25]",8499
5,"[62, 52, 29, 59, 1]",8505
1,[64],8516
1,[27],8523
1,[41],8532
1,[47],8540
2,"[80, 79]",8550
1,[22],8559
2,"[45, 16]",8567
1,[1],8572
1,[46],8579
1,[79],8583
1,[56],8588
2,"[13, 36]",8597
4,"[67, 58, 53, 61]",8600
1,[67],8606
1,[78],8614
1,[78],8623
3,"[40, 66, 67]",8631
2,"[63, 55]",8641
3,"[53, 31, 59]",8652
1,[52],8662
5,"[36, 27, 31, 32, 0]",8672
1,[49],8682
1,[15],8694
7,"[10, 23, 58, 24, 28, 23, 17]",8699
2,"[3, 36]",8708
4,"[51, 72, 48, 2]",8714
3,"[17, 9, 23]",8720
3,"[72, 72, 74]",8729
1,[21],8738
1,[47],8748
1,[57],8755
3,"[70, 55, 47]",8767
1,[20],8774
1,[44],8785
4,"[57, 26, 57, 57]",8795
2,"[40, 24]",8806
2,"[57, 57]",8815
1,[65],8826
1,[51],8837
1,[5],8847
1,[54],8852
2,"[12, 12]",8859
1,[44],8865
1,[36],8869
3,"[7, 7, 0]",8879
1,[48],8884
4,"[83, 86, 63, 86]",8889
1,[59],8894
1,[37],8905
3,"[41, 1, 22]",8915
1,[50],8923
1,[3],8930
4,"[77, 56, 13, 15]",8937
1,[78],8944
1,[26],8951
3,"[59, 62, 62]",8958
1,[49],8963
1,[78],8971
1,[28],8977
1,[28],8981
1,[57],8991
1,[82],8996
1,[16],8999
1,[3],9008
1,[80],9011
1,[47],9017
1,[86],9024
1,[47],9028
1,[25],9031
2,"[75, 78]",9038
1,[27],9043
1,[83],9046
1,[2],9054
1,[69],9059
1,[51],9066
3,"[79, 79, 79]",9074
1,[58],9080
2,"[36, 58]",9087
1,[76],9093
1,[62],9101
1,[36],9105
2,"[47, 46]",9111
2,"[58, 53]",9119
1,[44],9123
1,[51],9129
1,[30],9131
2,"[77, 77]",9136
1,[65],9141
5,"[51, 51, 68, 17, 36]",9146
6,"[50, 23, 62, 35, 2, 63]",9151
2,"[64, 35]",9155
1,[16],9158
3,"[78, 12, 11]",9164
1,[32],9169
2,"[40, 40]",9174
2,"[53, 0]",9178
1,[38],9182
3,"[13, 13, 13]",9194
16,"[60, 55, 47, 59, 80, 58, 9, 62, 79, 53, 65, 25, 24, 20, 36, 80]",9203
6,"[19, 19, 69, 76, 82, 54]",9208
1,[1],9213
1,[55],9221
1,[62],9226
1,[52],9234
1,[17],9238
1,[83],9242
2,"[48, 65]",9249
1,[29],9254
1,[31],9261
1,[61],9265
1,[46],9270
2,"[2, 20]",9276
1,[83],9280
3,"[6, 67, 6]",9288
3,"[41, 1, 59]",9295
2,"[5, 5]",9300
1,[34],9304
3,"[46, 46, 46]",9309
1,[57],9322
1,[35],9328
1,[59],9333
9,"[74, 78, 76, 72, 74, 77, 74, 74, 80]",9337
1,[10],9341
1,[9],9348
1,[59],9353
5,"[27, 25, 25, 20, 55]",9360
1,[69],9364
5,"[26, 10, 18, 49, 77]",9369
1,[34],9373
1,[16],9377
2,"[84, 84]",9383
2,"[14, 14]",9389
1,[34],9393
1,[4],9403
2,"[59, 28]",9412
2,"[51, 51]",9419
5,"[60, 36, 61, 54, 20]",9424
2,"[81, 81]",9432
1,[3],9435
2,"[40, 1]",9444
1,[82],9450
1,[17],9455
2,"[81, 81]",9461
8,"[34, 17, 5, 27, 28, 18, 17, 17]",9467
3,"[44, 44, 44]",9473
1,[86],9481
1,[16],9487
1,[57],9491
3,"[43, 35, 16]",9503
1,[48],9512
4,"[47, 49, 27, 54]",9519
2,"[33, 35]",9524
5,"[18, 27, 27, 28, 24]",9529
1,[18],9535
4,"[23, 4, 10, 27]",9545
5,"[33, 27, 32, 35, 24]",9550
1,[13],9558
1,[15],9562
1,[72],9568
1,[56],9572
2,"[30, 30]",9579
2,"[40, 40]",9585
1,[71],9590
1,[13],9597
1,[9],9601
1,[27],9610
2,"[8, 8]",9614
2,"[85, 81]",9618
2,"[30, 2]",9622
7,"[28, 36, 28, 28, 17, 68, 28]",9630
2,"[16, 17]",9632
2,"[35, 62]",9634
1,[16],9639
9,"[58, 44, 45, 59, 11, 45, 58, 45, 45]",9644
1,[47],9649
1,[13],9655
1,[54],9661
1,[20],9665
1,[30],9671
1,[17],9676
8,"[2, 44, 25, 70, 13, 8, 55, 77]",9678
1,[17],9682
1,[16],9687
4,"[17, 3, 9, 15]",9695
1,[6],9699
8,"[60, 66, 46, 64, 77, 82, 73, 82]",9705
2,"[24, 30]",9710
2,"[65, 46]",9718
2,"[22, 22]",9723
1,[48],9728
1,[37],9733
1,[11],9739
1,[47],9744
1,[44],9747
2,"[69, 78]",9751
1,[48],9757
4,"[7, 14, 26, 20]",9765
1,[49],9771
7,"[47, 50, 64, 51, 71, 30, 9]",9780
2,"[58, 59]",9786
2,"[61, 0]",9793
1,[28],9797
1,[2],9806
12,"[59, 30, 24, 27, 54, 33, 61, 76, 48, 71, 21, 70]",9810
1,[29],9816
1,[74],9823
1,[45],9829
1,[16],9838
1,[84],9845
3,"[42, 75, 16]",9849
1,[43],9853
1,[85],9857
3,"[75, 75, 75]",9861
13,"[77, 78, 64, 76, 66, 82, 60, 20, 46, 75, 30, 82, 73]",9865
1,[20],9869
3,"[54, 54, 54]",9876
3,"[73, 83, 82]",9881
3,"[33, 16, 30]",9885
2,"[78, 32]",9890
5,"[73, 32, 24, 72, 32]",9895
22,"[47, 40, 56, 76, 46, 20, 24, 59, 28, 65, 52, 47, 66, 62, 57, 48, 30, 62, 43, 1, 61, 62]",9902
4,"[45, 27, 55, 54]",9909
2,"[76, 55]",9916
1,[55],9923
1,[57],9933
1,[3],9941
6,"[35, 59, 52, 27, 64, 26]",9948
1,[62],9954
1,[18],9961
2,"[30, 46]",9970
1,[78],9976
1,[74],9981
9,"[21, 72, 32, 13, 24, 32, 7, 5, 7]",9988
2,"[13, 5]",9993
1,[44],10001
1,[13],10005
1,[27],10012
2,"[32, 54]",10018
9,"[37, 37, 17, 17, 29, 79, 86, 27, 81]",10023
6,"[75, 51, 53, 59, 22, 59]",10031
11,"[62, 38, 38, 26, 26, 38, 49, 62, 46, 59, 48]",10036
1,[27],10043
1,[85],10049
3,"[12, 32, 33]",10056
1,[27],10061
1,[15],10069
4,"[30, 70, 44, 43]",10077
3,"[63, 7, 40]",10083
4,"[14, 47, 44, 62]",10092
1,[78],10100
21,"[31, 53, 34, 85, 61, 20, 52, 52, 20, 2, 6, 52, 60, 21, 37, 66, 64, 31, 33, 58, 13]",10107
4,"[65, 76, 6, 77]",10114
7,"[34, 32, 84, 35, 51, 53, 15]",10124
3,"[41, 17, 1]",10130
2,"[31, 55]",10136
1,[17],10142
1,[5],10148
1,[82],10155
4,"[33, 34, 0, 43]",10162
2,"[48, 5]",10174
1,[4],10181
1,[10],10187
3,"[67, 47, 14]",10191
1,[10],10197
1,[57],10207
88,"[59, 1, 65, 38, 77, 59, 12, 2, 0, 46, 46, 42, 59, 65, 34, 59, 54, 54, 11, 64, 41, 77, 60, 55, 82, 59, 54, 36, 57, 3, 38, 17, 55, 55, 26, 40, 18, 59, 54, 18, 70, 30, 59, 3, 25, 60, 79, 62, 67, 67, 34, 5, 14, 86, 15, 39, 85, 56, 38, 63, 48, 78, 66, 38, 38, 77, 6, 63, 38, 67, 2, 59, 47, 76, 3, 66, 10, 67, 72, 80, 6, 8, 20, 59, 44, 54, 16, 43]",10215
1,[54],10223
1,[41],10234
1,[85],10240
2,"[53, 8]",10247
2,"[29, 29]",10254
3,"[9, 9, 53]",10262
1,[31],10269
2,"[58, 29]",10277
1,[4],10282
2,"[27, 32]",10290
2,"[33, 65]",10297
1,[65],10301
2,"[51, 17]",10308
2,"[26, 52]",10313
2,"[14, 72]",10320
2,"[76, 63]",10327
1,[38],10333
3,"[41, 48, 47]",10339
4,"[71, 71, 14, 14]",10346
3,"[59, 45, 79]",10354
6,"[31, 58, 43, 63, 28, 27]",10363
1,[80],10369
23,"[65, 24, 28, 34, 36, 58, 5, 16, 50, 63, 56, 57, 78, 23, 79, 10, 43, 40, 27, 28, 63, 75, 81]",10375
5,"[74, 74, 74, 74, 74]",10382
1,[57],10388
6,"[76, 76, 76, 76, 76, 69]",10396
1,[19],10402
1,[74],10410
1,[62],10416
3,"[56, 62, 56]",10422
6,"[80, 16, 72, 15, 66, 14]",10428
9,"[10, 10, 59, 9, 5, 60, 34, 10, 28]",10433
1,[10],10437
1,[43],10443
1,[3],10452
1,[2],10459
1,[18],10465
2,"[44, 26]",10472
1,[14],10478
3,"[47, 78, 10]",10485
2,"[47, 47]",10492
1,[85],10500
10,"[44, 16, 17, 68, 36, 3, 50, 49, 51, 17]",10509
1,[12],10515
7,"[57, 62, 52, 62, 62, 62, 62]",10523
1,[69],10527
1,[46],10531
1,[39],10533
2,"[42, 70]",10538
5,"[34, 34, 34, 34, 34]",10543
2,"[39, 39]",10552
5,"[49, 47, 24, 35, 34]",10555
6,"[40, 46, 43, 42, 54, 16]",10563
1,[47],10570
2,"[66, 63]",10578
1,[83],10585
1,[39],10596
1,[27],10599
1,[15],10606
4,"[70, 37, 42, 42]",10611
1,[41],10619
15,"[68, 3, 63, 56, 11, 11, 6, 56, 27, 13, 1, 53, 54, 46, 71]",10624
1,[35],10628
1,[20],10635
2,"[59, 59]",10641
4,"[17, 17, 17, 17]",10646
2,"[10, 10]",10653
1,[10],10659
1,[55],10662
5,"[39, 13, 11, 72, 10]",10667
1,[57],10672
4,"[2, 15, 4, 29]",10686
1,[20],10691
2,"[25, 68]",10700
1,[40],10704
1,[24],10710
1,[16],10718
2,"[18, 35]",10724
1,[18],10727
1,[86],10732
2,"[74, 3]",10739
1,[59],10746
1,[63],10753
1,[40],10759
1,[62],10768
8,"[59, 56, 11, 45, 11, 7, 4, 9]",10776
1,[59],10780
1,[65],10790
1,[29],10799
5,"[55, 80, 80, 20, 55]",10806
1,[18],10813
3,"[55, 9, 55]",10817
4,"[7, 0, 7, 7]",10826
5,"[71, 35, 56, 31, 59]",10834
1,[12],10841
1,[32],10849
1,[1],10856
1,[47],10868
1,[66],10872
1,[61],10877
4,"[59, 49, 59, 50]",10884
1,[78],10889
5,"[82, 6, 6, 31, 11]",10893
1,[68],10897
1,[41],10905
1,[54],10911
8,"[67, 21, 73, 32, 44, 76, 55, 30]",10918
1,[27],10924
1,[21],10931
1,[21],10939
3,"[64, 64, 64]",10944
2,"[16, 30]",10949
3,"[11, 16, 11]",10955
1,[83],10962
1,[76],10968
2,"[51, 51]",10979
1,[59],10986
3,"[3, 36, 16]",10994
1,[57],10998
1,[11],11004
1,[44],11011
1,[85],11021
2,"[1, 1]",11026
1,[38],11031
26,"[85, 83, 69, 77, 86, 76, 76, 63, 83, 77, 83, 69, 76, 77, 63, 63, 69, 85, 69, 76, 69, 76, 76, 76, 86, 77]",11038
22,"[62, 39, 53, 52, 39, 22, 30, 52, 47, 44, 48, 50, 44, 77, 67, 44, 59, 59, 20, 41, 55, 75]",11042
1,[27],11047
5,"[14, 48, 17, 56, 15]",11052
1,[19],11055
16,"[54, 65, 15, 60, 15, 58, 18, 15, 60, 13, 57, 59, 60, 6, 83, 15]",11059
1,[27],11064
6,"[49, 62, 55, 55, 47, 15]",11070
1,[16],11075
1,[32],11080
1,[63],11087
1,[42],11093
1,[50],11099
2,"[62, 55]",11105
1,[82],11112
1,[84],11119
1,[66],11124
1,[59],11133
1,[51],11141
4,"[16, 16, 16, 16]",11145
3,"[5, 62, 64]",11149
1,[6],11154
2,"[82, 83]",11157
3,"[55, 80, 55]",11162
2,"[39, 39]",11168
3,"[65, 65, 65]",11171
2,"[65, 65]",11175
1,[19],11181
1,[55],11187
2,"[20, 38]",11194
1,[81],11203
6,"[15, 86, 59, 75, 77, 26]",11213
1,[27],11218
4,"[16, 77, 77, 77]",11226
3,"[78, 84, 83]",11230
1,[13],11235
22,"[30, 68, 36, 33, 56, 66, 28, 47, 47, 2, 40, 22, 79, 54, 4, 34, 62, 33, 4, 22, 27, 65]",11240
2,"[3, 16]",11246
1,[26],11251
1,[12],11257
18,"[26, 38, 47, 57, 49, 20, 66, 49, 49, 10, 26, 58, 57, 46, 66, 40, 66, 66]",11263
1,[27],11269
1,[18],11278
1,[57],11284
1,[73],11291
5,"[26, 15, 54, 66, 57]",11296
1,[84],11304
1,[54],11310
1,[59],11316
1,[82],11322
1,[48],11329
1,[11],11337
1,[54],11345
2,"[1, 6]",11352
1,[25],11359
1,[49],11367
2,"[27, 25]",11375
6,"[86, 70, 74, 84, 37, 80]",11381
2,"[26, 10]",11388
13,"[36, 1, 49, 78, 23, 52, 21, 16, 21, 32, 59, 32, 22]",11396
5,"[82, 50, 73, 59, 83]",11404
1,[49],11411
1,[17],11419
5,"[76, 28, 60, 17, 13]",11426
9,"[19, 13, 50, 13, 31, 16, 21, 3, 37]",11436
1,[59],11442
3,"[73, 46, 82]",11449
2,"[84, 76]",11457
1,[12],11465
30,"[75, 2, 31, 62, 34, 58, 35, 26, 66, 36, 22, 33, 29, 46, 57, 30, 45, 66, 54, 48, 82, 34, 24, 27, 20, 49, 32, 55, 67, 73]",11473
1,[66],11481
2,"[73, 54]",11488
1,[42],11496
1,[44],11502
1,[7],11511
8,"[59, 64, 30, 51, 2, 55, 44, 30]",11520
6,"[53, 54, 13, 56, 27, 80]",11528
2,"[66, 8]",11536
1,[2],11546
1,[69],11553
1,[59],11561
3,"[65, 62, 29]",11568
1,[47],11576
2,"[48, 61]",11582
2,"[81, 47]",11590
3,"[17, 47, 48]",11595
1,[82],11601
5,"[23, 7, 23, 36, 36]",11603
1,[41],11606
1,[39],11611
8,"[2, 17, 44, 15, 43, 17, 14, 81]",11615
3,"[47, 48, 14]",11620
5,"[28, 28, 28, 28, 17]",11624
1,[36],11629
3,"[54, 77, 47]",11637
3,"[47, 64, 69]",11642
6,"[56, 22, 52, 22, 59, 34]",11649
2,"[50, 50]",11655
1,[21],11662
2,"[56, 56]",11671
2,"[78, 78]",11680
2,"[50, 50]",11688
4,"[17, 17, 17, 17]",11696
2,"[27, 27]",11701
1,[52],11706
1,[72],11709
4,"[63, 33, 33, 85]",11713
2,"[37, 1]",11717
1,[9],11722
2,"[10, 10]",11725
1,[31],11728
1,[14],11737
2,"[59, 3]",11742
1,[13],11746
2,"[18, 18]",11753
2,"[31, 31]",11760
2,"[39, 16]",11768
8,"[27, 68, 52, 63, 16, 37, 73, 43]",11775
1,[27],11786
1,[68],11794
1,[20],11806
2,"[10, 10]",11818
1,[53],11822
1,[62],11830
1,[27],11834
2,"[59, 39]",11840
2,"[85, 2]",11843
6,"[52, 61, 57, 57, 52, 62]",11848
2,"[60, 61]",11852
1,[50],11858
1,[44],11863
1,[53],11870
1,[48],11876
1,[23],11886
2,"[27, 8]",11892
1,[59],11899
1,[45],11902
1,[75],11907
1,[51],11912
1,[4],11917
4,"[86, 83, 83, 84]",11921
3,"[7, 34, 32]",11926
1,[33],11931
1,[5],11939
1,[41],11944
1,[38],11949
2,"[12, 22]",11954
4,"[34, 34, 34, 34]",11958
1,[58],11963
2,"[81, 74]",11967
18,"[31, 17, 1, 31, 27, 77, 66, 21, 29, 35, 33, 23, 20, 17, 77, 3, 35, 75]",11974
3,"[27, 45, 48]",11981
1,[57],11985
2,"[47, 47]",11995
49,"[27, 59, 31, 13, 43, 13, 35, 34, 36, 43, 65, 2, 15, 64, 29, 3, 64, 16, 38, 4, 17, 17, 14, 35, 47, 61, 34, 67, 27, 47, 60, 39, 20, 33, 54, 39, 21, 56, 55, 59, 25, 54, 6, 21, 58, 1, 24, 33, 23]",12000
1,[39],12005
1,[43],12012
6,"[59, 27, 20, 27, 17, 49]",12016
1,[54],12021
4,"[27, 55, 45, 55]",12025
2,"[36, 36]",12030
2,"[55, 52]",12036
3,"[71, 69, 80]",12039
1,[82],12045
1,[27],12051
2,"[33, 33]",12055
1,[9],12059
1,[38],12064
4,"[67, 67, 67, 67]",12071
3,"[41, 22, 1]",12076
1,[78],12081
11,"[24, 9, 34, 23, 17, 9, 5, 23, 10, 28, 14]",12084
2,"[25, 47]",12090
1,[59],12095
1,[20],12102
2,"[45, 47]",12109
1,[6],12114
1,[85],12120
2,"[72, 82]",12127
1,[54],12133
6,"[28, 24, 24, 28, 24, 28]",12138
2,"[3, 6]",12147
2,"[65, 65]",12151
6,"[27, 18, 16, 47, 49, 33]",12157
1,[24],12164
1,[85],12174
1,[44],12180
3,"[51, 51, 17]",12188
1,[81],12191
1,[55],12196
1,[44],12203
2,"[57, 55]",12208
1,[44],12218
1,[20],12227
3,"[80, 80, 80]",12233
49,"[43, 16, 6, 30, 16, 54, 34, 16, 30, 2, 13, 31, 13, 36, 31, 54, 3, 13, 15, 7, 43, 24, 1, 32, 69, 3, 40, 46, 58, 29, 76, 18, 18, 16, 26, 64, 56, 60, 21, 17, 4, 9, 42, 26, 34, 5, 42, 62, 1]",12239
5,"[77, 53, 30, 53, 26]",12245
1,[43],12254
2,"[5, 5]",12262
1,[6],12266
9,"[11, 71, 13, 68, 69, 7, 68, 10, 40]",12270
1,[2],12272
1,[86],12276
8,"[17, 14, 37, 46, 77, 62, 28, 16]",12279
1,[29],12284
191,"[86, 35, 35, 36, 33, 43, 84, 86, 84, 85, 34, 33, 38, 2, 40, 32, 43, 35, 36, 42, 39, 34, 34, 1, 33, 39, 35, 32, 35, 38, 35, 37, 85, 42, 40, 53, 32, 59, 20, 74, 59, 74, 19, 59, 74, 19, 59, 74, 18, 59, 60, 18, 73, 19, 36, 20, 59, 23, 56, 82, 76, 56, 22, 57, 9, 22, 57, 9, 58, 21, 21, 21, 58, 21, 73, 23, 61, 17, 66, 15, 66, 12, 66, 70, 66, 65, 12, 14, 67, 14, 67, 14, 67, 67, 13, 65, 64, 16, 62, 72, 17, 62, 62, 62, 16, 11, 72, 63, 16, 71, 16, 63, 71, 16, 64, 62, 56, 23, 55, 29, 29, 29, 29, 29, 47, 81, 81, 28, 28, 47, 28, 47, 47, 27, 77, 28, 48, 30, 81, 31, 31, 44, 3, 44, 44, 44, 45, 31, 44, 44, 44, 30, 82, 45, 30, 30, 48, 5, 52, 26, 49, 25, 6, 53, 25, 25, 54, 54, 54, 54, 24, 54, 77, 55, 52, 26, 59, 51, 51, 26, 27, 26, 27, 27, 27, 79, 27, 27, 27, 49, 26]",12289
1,[22],12293
1,[61],12298
1,[36],12301
5,"[0, 6, 3, 46, 69]",12309
2,"[45, 49]",12312
1,[22],12318
1,[10],12324
1,[17],12334
3,"[54, 54, 54]",12338
